군구,복지시설_부족지수,입소율_부족지수,범죄지수,독거노인비율_정규화,고독사위험지수_재계산
강화군,0.0,0.38,0.0,0.252669039,0.158
계양구,0.75,0.18,0.336,0.57,0.459
남동구,0.875,0.19,0.691,0.69,0.611
동구,1.0,0.0,0.375,0.930604982,0.576
미추홀구,1.0,0.3,0.764,0.5,0.641
부평구,0.625,0.15,1.0,0.64,0.604
서구,0.375,0.28,0.773,0.04,0.367
연수구,0.875,0.26,0.472,0.0,0.402
옹진군,0.875,1.0,0.695,1.0,0.892
중구,1.0,0.18,0.375,0.79,0.586
