,군구,주거복지시설_개수,복지시설_부족지수,입소율,입소율_부족지수
0,강화군,8,0.0,0.75,0.38
1,계양구,2,0.75,0.81,0.18
2,남동구,1,0.875,0.81,0.19
3,동구,0,1.0,0.87,0.0
4,미추홀구,0,1.0,0.78,0.3
5,부평구,3,0.625,0.82,0.15
6,서구,5,0.375,0.78,0.28
7,연수구,1,0.875,0.79,0.26
8,옹진군,1,0.875,0.57,1.0
9,중구,0,1.0,0.81,0.18
