군구,주거복지시설_개수,복지시설_부족지수,입소율,입소율_부족지수,범죄지수,독거노인비율_정규화,고독사위험지수
강화군,8,0,0.75,0.38,0,0.252669039,0.191
계양구,2,0.75,0.81,0.18,0.336,0.57,0.408
남동구,1,0.875,0.81,0.19,0.691,0.69,0.629
동구,0,1,0.87,0,0.375,0.930604982,0.655
미추홀구,0,1,0.78,0.3,0.764,0.5,0.7
부평구,3,0.625,0.82,0.15,1,0.64,0.436
서구,5,0.375,0.78,0.28,0.773,0.04,0.256
연수구,1,0.875,0.79,0.26,0.472,0,0.366
옹진군,1,0.875,0.57,1,0.695,1,0.719
중구,0,1,0.81,0.18,0.375,0.79,0.61
